ALTER SESSION SET NLS_DATE_FORMAT='YYYY-MM-DD';

INSERT INTO Item (item_id,title,category,genre,device,release_date,price,rent_price) VALUES (1,'Expense Manager','App','Lifestyle','Andriod','2014-01-01',0,0);
INSERT INTO Item (item_id,title,category,genre,device,release_date,price,rent_price) VALUES (2,'EverNote','App','Productivity','iOS','2013-04-03',0.99,0);
INSERT INTO Item (item_id,title,category,genre,device,release_date,price,rent_price) VALUES (3,'Scandal Season 1','TV','Thriller','None','2014-01-02',20,6);
INSERT INTO Item (item_id,title,category,genre,device,release_date,price,rent_price) VALUES (4,'Suits Season 1','TV','Drama','None','2014-01-03',20,9);
INSERT INTO Item (item_id,title,category,genre,device,release_date,price,rent_price) VALUES (5,'Brave Frontier','Game','RPG','Andriod','2013-02-23',0,0);
INSERT INTO Item (item_id,title,category,genre,device,release_date,price,rent_price) VALUES (6,'The Hobbit: An Unexpected Journey','Movie','Fantasy','DVD','2012-12-15',30,13);
INSERT INTO Item (item_id,title,category,genre,device,release_date,price,rent_price) VALUES (7,'Memorado','App','Lifestyle','iOS','2015-01-02',7,3);
INSERT INTO Item (item_id,title,category,genre,device,release_date,price,rent_price) VALUES (8,'Learn Spanish, English, French','App','Productivity','Andriod','2013-11-10',41,2);
INSERT INTO Item (item_id,title,category,genre,device,release_date,price,rent_price) VALUES (9,'DIY Human Body','App','Lifestyle','PC','2013-12-16',30,4);
INSERT INTO Item (item_id,title,category,genre,device,release_date,price,rent_price) VALUES (10,'RefMe','App','Productivity','iOS','2014-10-03',15,2);
INSERT INTO Item (item_id,title,category,genre,device,release_date,price,rent_price) VALUES (11,'Duolingo','App','Lifestyle','Andriod','2013-10-03',4,4);
INSERT INTO Item (item_id,title,category,genre,device,release_date,price,rent_price) VALUES (12,'Peak - Brain Training','App','Productivity','PC','2013-05-08',5,1);
INSERT INTO Item (item_id,title,category,genre,device,release_date,price,rent_price) VALUES (13,'IELTS 1001 ways','App','Lifestyle','iOS','2014-11-30',51,3);
INSERT INTO Item (item_id,title,category,genre,device,release_date,price,rent_price) VALUES (14,'Explain Everything','App','Productivity','Andriod','2013-11-13',48,1);
INSERT INTO Item (item_id,title,category,genre,device,release_date,price,rent_price) VALUES (15,'Lumosity Mobile','App','Lifestyle','PC','2013-09-21',11,2);
INSERT INTO Item (item_id,title,category,genre,device,release_date,price,rent_price) VALUES (16,'PhotoMath','App','Productivity','iOS','2013-07-31',34,3);
INSERT INTO Item (item_id,title,category,genre,device,release_date,price,rent_price) VALUES (17,'Molecules by Theodore Gray','App','Lifestyle','Andriod','2013-08-19',9,2);
INSERT INTO Item (item_id,title,category,genre,device,release_date,price,rent_price) VALUES (18,'LearnEnglish Kids: Playtime','App','Productivity','PC','2015-02-20',34,1);
INSERT INTO Item (item_id,title,category,genre,device,release_date,price,rent_price) VALUES (19,'Night Sky Pro','App','Lifestyle','iOS','2013-09-19',45,2);
INSERT INTO Item (item_id,title,category,genre,device,release_date,price,rent_price) VALUES (20,'Collins English Dictionary','App','Productivity','Andriod','2014-03-21',13,2);
INSERT INTO Item (item_id,title,category,genre,device,release_date,price,rent_price) VALUES (21,'Game of Thrones','TV','Thriller','None','2015-02-17',56,3);
INSERT INTO Item (item_id,title,category,genre,device,release_date,price,rent_price) VALUES (22,'Arrow','TV','Drama','None','2014-04-30',18,3);
INSERT INTO Item (item_id,title,category,genre,device,release_date,price,rent_price) VALUES (23,'Marvel''s Agents Of S.H.I.E.L.D','TV','Horror','None','2014-05-13',27,1);
INSERT INTO Item (item_id,title,category,genre,device,release_date,price,rent_price) VALUES (24,'Grey''s Anatomy','TV','Science','None','2015-02-14',22,4);
INSERT INTO Item (item_id,title,category,genre,device,release_date,price,rent_price) VALUES (25,'Coronation Street','TV','Thriller','None','2013-05-26',30,3);
INSERT INTO Item (item_id,title,category,genre,device,release_date,price,rent_price) VALUES (26,'The Vampire Diaries','TV','Drama','None','2013-10-03',7,4);
INSERT INTO Item (item_id,title,category,genre,device,release_date,price,rent_price) VALUES (27,'The Big Bang Theory','TV','Horror','None','2013-08-17',29,2);
INSERT INTO Item (item_id,title,category,genre,device,release_date,price,rent_price) VALUES (28,'Supernatural','TV','Science','None','2014-08-19',43,1);
INSERT INTO Item (item_id,title,category,genre,device,release_date,price,rent_price) VALUES (29,'How I Met Your Mother','TV','Thriller','None','2014-05-05',32,1);
INSERT INTO Item (item_id,title,category,genre,device,release_date,price,rent_price) VALUES (30,'Once Upon a Time','TV','Drama','None','2014-03-28',37,3);
INSERT INTO Item (item_id,title,category,genre,device,release_date,price,rent_price) VALUES (31,'Criminal Minds','TV','Horror','None','2013-12-13',29,2);
INSERT INTO Item (item_id,title,category,genre,device,release_date,price,rent_price) VALUES (32,'The Blacklist','TV','Science','None','2013-06-10',54,3);
INSERT INTO Item (item_id,title,category,genre,device,release_date,price,rent_price) VALUES (33,'The 100','TV','Thriller','None','2013-01-03',1,4);
INSERT INTO Item (item_id,title,category,genre,device,release_date,price,rent_price) VALUES (34,'The Mentalist','TV','Drama','None','2013-06-16',45,1);
INSERT INTO Item (item_id,title,category,genre,device,release_date,price,rent_price) VALUES (35,'The Good Wife','TV','Horror','None','2013-01-25',51,3);
INSERT INTO Item (item_id,title,category,genre,device,release_date,price,rent_price) VALUES (36,'NCIS','TV','Science','None','2015-02-17',3,2);
INSERT INTO Item (item_id,title,category,genre,device,release_date,price,rent_price) VALUES (37,'Vikings','TV','Thriller','None','2013-03-22',38,3);
INSERT INTO Item (item_id,title,category,genre,device,release_date,price,rent_price) VALUES (38,'Castle','TV','Drama','None','2013-05-18',4,4);
INSERT INTO Item (item_id,title,category,genre,device,release_date,price,rent_price) VALUES (39,'Revenge','TV','Horror','None','2014-04-15',15,2);
INSERT INTO Item (item_id,title,category,genre,device,release_date,price,rent_price) VALUES (40,'Bones','TV','Science','None','2014-05-12',42,4);
INSERT INTO Item (item_id,title,category,genre,device,release_date,price,rent_price) VALUES (41,'Final Fantasy XIII','Game','null','PC','2013-07-19',59,4);
INSERT INTO Item (item_id,title,category,genre,device,release_date,price,rent_price) VALUES (42,'Final Fantasy XIII-2','Game','null','PC','2015-02-20',20,2);
INSERT INTO Item (item_id,title,category,genre,device,release_date,price,rent_price) VALUES (43,'Final Fantasy: Lightning Returns','Game','null','PC','2014-01-24',25,2);
INSERT INTO Item (item_id,title,category,genre,device,release_date,price,rent_price) VALUES (44,'Clash of Clans','Game','null','iOS','2014-11-22',28,4);
INSERT INTO Item (item_id,title,category,genre,device,release_date,price,rent_price) VALUES (45,'Angry Birds','Game','null','Andriod','2014-07-15',23,2);
INSERT INTO Item (item_id,title,category,genre,device,release_date,price,rent_price) VALUES (46,'Defense of the Ancients','Game','null','PC','2013-04-23',20,2);
INSERT INTO Item (item_id,title,category,genre,device,release_date,price,rent_price) VALUES (47,'Card Craawl','Game','null','iOS','2014-02-11',8,3);
INSERT INTO Item (item_id,title,category,genre,device,release_date,price,rent_price) VALUES (48,'Word Shark','Game','null','Andriod','2013-06-07',22,4);
INSERT INTO Item (item_id,title,category,genre,device,release_date,price,rent_price) VALUES (49,'Shadow of Mordor','Game','null','PC','2014-09-11',59,2);
INSERT INTO Item (item_id,title,category,genre,device,release_date,price,rent_price) VALUES (50,'Dotello','Game','null','iOS','2013-06-24',7,2);
INSERT INTO Item (item_id,title,category,genre,device,release_date,price,rent_price) VALUES (51,'Hero Sky','Game','null','Andriod','2013-11-30',37,3);
INSERT INTO Item (item_id,title,category,genre,device,release_date,price,rent_price) VALUES (52,'Green the Planet','Game','null','PC','2015-02-15',26,4);
INSERT INTO Item (item_id,title,category,genre,device,release_date,price,rent_price) VALUES (53,'Paper Monsters Recut','Game','null','iOS','2014-07-29',52,1);
INSERT INTO Item (item_id,title,category,genre,device,release_date,price,rent_price) VALUES (54,'rop','Game','null','Andriod','2014-04-25',41,2);
INSERT INTO Item (item_id,title,category,genre,device,release_date,price,rent_price) VALUES (55,'Sick Bricks','Game','null','PC','2013-05-31',45,2);
INSERT INTO Item (item_id,title,category,genre,device,release_date,price,rent_price) VALUES (56,'Contract Killer','Game','null','iOS','2014-11-03',2,2);
INSERT INTO Item (item_id,title,category,genre,device,release_date,price,rent_price) VALUES (57,'Bejewel','Game','null','Andriod','2014-11-29',30,3);
INSERT INTO Item (item_id,title,category,genre,device,release_date,price,rent_price) VALUES (58,'Call Of Duty: Mordern Warfare','Game','null','PC','2014-06-15',56,3);
INSERT INTO Item (item_id,title,category,genre,device,release_date,price,rent_price) VALUES (59,'Valkyrie Crusade','Game','null','iOS','2015-01-06',27,2);
INSERT INTO Item (item_id,title,category,genre,device,release_date,price,rent_price) VALUES (60,'Amazons Board Games','Game','null','Andriod','2014-02-09',13,2);
INSERT INTO Item (item_id,title,category,genre,device,release_date,price,rent_price) VALUES (61,'Cinderella','Movie','Thriller','DVD','2013-11-28',52,1);
INSERT INTO Item (item_id,title,category,genre,device,release_date,price,rent_price) VALUES (62,'The Spongebob Movie','Movie','Horror','DVD','2013-08-31',6,4);
INSERT INTO Item (item_id,title,category,genre,device,release_date,price,rent_price) VALUES (63,'Interstellar','Movie','Popular','DVD','2014-05-15',35,1);
INSERT INTO Item (item_id,title,category,genre,device,release_date,price,rent_price) VALUES (64,'Insurgent','Movie','Romance','DVD','2013-01-13',56,2);
INSERT INTO Item (item_id,title,category,genre,device,release_date,price,rent_price) VALUES (65,'Divergent','Movie','Thriller','DVD','2013-12-02',13,4);
INSERT INTO Item (item_id,title,category,genre,device,release_date,price,rent_price) VALUES (66,'ZhongKui','Movie','Horror','DVD','2014-09-02',8,2);
INSERT INTO Item (item_id,title,category,genre,device,release_date,price,rent_price) VALUES (67,'Unfinished Business','Movie','Popular','DVD','2014-06-11',3,3);
INSERT INTO Item (item_id,title,category,genre,device,release_date,price,rent_price) VALUES (68,'Fashion King','Movie','Romance','DVD','2013-08-15',6,3);
INSERT INTO Item (item_id,title,category,genre,device,release_date,price,rent_price) VALUES (69,'Barbie in Princess Power','Movie','Thriller','DVD','2013-07-28',3,3);
INSERT INTO Item (item_id,title,category,genre,device,release_date,price,rent_price) VALUES (70,'Kingsman: The Secret Service','Movie','Horror','DVD','2014-06-28',21,3);
INSERT INTO Item (item_id,title,category,genre,device,release_date,price,rent_price) VALUES (71,'Fifty Shades of Grey','Movie','Popular','DVD','2014-06-06',60,1);
INSERT INTO Item (item_id,title,category,genre,device,release_date,price,rent_price) VALUES (72,'Frozen','Movie','Romance','DVD','2014-05-23',27,2);
INSERT INTO Item (item_id,title,category,genre,device,release_date,price,rent_price) VALUES (73,'Asterix','Movie','Thriller','DVD','2014-08-30',21,3);
INSERT INTO Item (item_id,title,category,genre,device,release_date,price,rent_price) VALUES (74,'Chappie','Movie','Horror','DVD','2013-02-17',37,1);
INSERT INTO Item (item_id,title,category,genre,device,release_date,price,rent_price) VALUES (75,'Run All Night','Movie','Popular','DVD','2014-04-21',20,3);
INSERT INTO Item (item_id,title,category,genre,device,release_date,price,rent_price) VALUES (76,'Truimph In the Skies','Movie','Romance','DVD','2014-10-18',39,1);
INSERT INTO Item (item_id,title,category,genre,device,release_date,price,rent_price) VALUES (77,'King of Mahjong','Movie','Thriller','DVD','2014-10-19',17,3);
INSERT INTO Item (item_id,title,category,genre,device,release_date,price,rent_price) VALUES (78,'Fireman','Movie','Horror','DVD','2014-12-19',39,2);
INSERT INTO Item (item_id,title,category,genre,device,release_date,price,rent_price) VALUES (79,'Shaun The Sheep','Movie','Popular','DVD','2014-02-22',53,4);
INSERT INTO Item (item_id,title,category,genre,device,release_date,price,rent_price) VALUES (80,'From Vegas To Macau','Movie','Romance','DVD','2015-02-21',54,3);
INSERT INTO Item (item_id,title,category,genre,device,release_date,price,rent_price) VALUES (81,'Microsoft oneNote for iPhone','App','Lifestyle','iOS','2013-08-02',22,1);
INSERT INTO Item (item_id,title,category,genre,device,release_date,price,rent_price) VALUES (82,'EverNote','App','Productivity','Andriod','2014-02-16',19,4);
INSERT INTO Item (item_id,title,category,genre,device,release_date,price,rent_price) VALUES (83,'Post It Plus','App','Lifestyle','PC','2014-01-12',32,1);
INSERT INTO Item (item_id,title,category,genre,device,release_date,price,rent_price) VALUES (84,'Bosimize','App','Productivity','iOS','2013-02-17',15,2);
INSERT INTO Item (item_id,title,category,genre,device,release_date,price,rent_price) VALUES (85,'Ginger KeyBoard: Better Themes','App','Lifestyle','Andriod','2014-03-17',22,4);
INSERT INTO Item (item_id,title,category,genre,device,release_date,price,rent_price) VALUES (86,'Notepad+','App','Productivity','PC','2014-07-11',25,1);
INSERT INTO Item (item_id,title,category,genre,device,release_date,price,rent_price) VALUES (87,'ByWord','App','Lifestyle','iOS','2013-02-28',42,3);
INSERT INTO Item (item_id,title,category,genre,device,release_date,price,rent_price) VALUES (88,'Daedalus Touch','App','Productivity','Andriod','2014-04-29',20,1);
INSERT INTO Item (item_id,title,category,genre,device,release_date,price,rent_price) VALUES (89,'Notability','App','Lifestyle','PC','2014-05-15',54,2);
INSERT INTO Item (item_id,title,category,genre,device,release_date,price,rent_price) VALUES (90,'GoodNotes','App','Productivity','iOS','2013-09-29',8,1);
INSERT INTO Item (item_id,title,category,genre,device,release_date,price,rent_price) VALUES (91,'FetchNotes','App','Lifestyle','Andriod','2013-03-07',18,2);
INSERT INTO Item (item_id,title,category,genre,device,release_date,price,rent_price) VALUES (92,'1Writer','App','Productivity','PC','2014-10-30',36,2);
INSERT INTO Item (item_id,title,category,genre,device,release_date,price,rent_price) VALUES (93,'SwiftKey','App','Lifestyle','iOS','2014-06-06',55,3);
INSERT INTO Item (item_id,title,category,genre,device,release_date,price,rent_price) VALUES (94,'WordBoard','App','Productivity','Andriod','2015-02-22',50,2);
INSERT INTO Item (item_id,title,category,genre,device,release_date,price,rent_price) VALUES (95,'Christmas Keyboard','App','Lifestyle','iOS','2014-04-26',54,1);
INSERT INTO Item (item_id,title,category,genre,device,release_date,price,rent_price) VALUES (96,'InkBoard','App','Productivity','Andriod','2013-12-17',58,1);
INSERT INTO Item (item_id,title,category,genre,device,release_date,price,rent_price) VALUES (97,'TextExpander','App','Lifestyle','PC','2013-03-29',15,4);
INSERT INTO Item (item_id,title,category,genre,device,release_date,price,rent_price) VALUES (98,'Phraseboard','App','Productivity','iOS','2014-11-20',29,4);
INSERT INTO Item (item_id,title,category,genre,device,release_date,price,rent_price) VALUES (99,'Swype','App','Lifestyle','Andriod','2014-12-14',39,4);
INSERT INTO Item (item_id,title,category,genre,device,release_date,price,rent_price) VALUES (100,'MyScriptStack','App','Productivity','PC','2014-04-01',54,4);




INSERT INTO Accounts (email,username,password,admin) VALUES ('Charley@cs2102.com','charley','qwerty','Y');
INSERT INTO Accounts (email,username,password,admin) VALUES ('Aurore@cs2102.com','aurore','qwerty','N');
INSERT INTO Accounts (email,username,password,admin) VALUES ('Asha@cs2102.com','asha','qwerty','N');
INSERT INTO Accounts (email,username,password,admin) VALUES ('Kandi@cs2102.com','kandi','qwerty','N');
INSERT INTO Accounts (email,username,password,admin) VALUES ('Jeanett@cs2102.com','jeanett','qwerty','N');
INSERT INTO Accounts (email,username,password,admin) VALUES ('Pam@cs2102.com','pam','qwerty','N');
INSERT INTO Accounts (email,username,password,admin) VALUES ('Cristobal@cs2102.com','cristobal','qwerty','N');
INSERT INTO Accounts (email,username,password,admin) VALUES ('Kelly@cs2102.com','kelly','qwerty','N');
INSERT INTO Accounts (email,username,password,admin) VALUES ('Jacalyn@cs2102.com','jacalyn','qwerty','N');
INSERT INTO Accounts (email,username,password,admin) VALUES ('Norene@cs2102.com','norene','qwerty','N');
INSERT INTO Accounts (email,username,password,admin) VALUES ('Benita@cs2102.com','benita','qwerty','N');
INSERT INTO Accounts (email,username,password,admin) VALUES ('Julieann@cs2102.com','julieann','qwerty','N');
INSERT INTO Accounts (email,username,password,admin) VALUES ('Florencio@cs2102.com','florencio','qwerty','N');
INSERT INTO Accounts (email,username,password,admin) VALUES ('Lilia@cs2102.com','lilia','qwerty','N');
INSERT INTO Accounts (email,username,password,admin) VALUES ('Erik@cs2102.com','erik','qwerty','N');
INSERT INTO Accounts (email,username,password,admin) VALUES ('Han@cs2102.com','han','qwerty','N');
INSERT INTO Accounts (email,username,password,admin) VALUES ('Rosalie@cs2102.com','rosalie','qwerty','N');
INSERT INTO Accounts (email,username,password,admin) VALUES ('Lili@cs2102.com','lili','qwerty','N');
INSERT INTO Accounts (email,username,password,admin) VALUES ('Arletha@cs2102.com','arletha','qwerty','N');
INSERT INTO Accounts (email,username,password,admin) VALUES ('Esperanza@cs2102.com','esperanza','qwerty','N');
INSERT INTO Accounts (email,username,password,admin) VALUES ('Magdalena@cs2102.com','magdalena','qwerty','N');
INSERT INTO Accounts (email,username,password,admin) VALUES ('Shizue@cs2102.com','shizue','qwerty','N');
INSERT INTO Accounts (email,username,password,admin) VALUES ('Keisha@cs2102.com','keisha','qwerty','N');
INSERT INTO Accounts (email,username,password,admin) VALUES ('Eufemia@cs2102.com','eufemia','qwerty','N');
INSERT INTO Accounts (email,username,password,admin) VALUES ('Jan@cs2102.com','jan','qwerty','N');
INSERT INTO Accounts (email,username,password,admin) VALUES ('Maud@cs2102.com','maud','qwerty','N');
INSERT INTO Accounts (email,username,password,admin) VALUES ('Jefferson@cs2102.com','jefferson','qwerty','N');
INSERT INTO Accounts (email,username,password,admin) VALUES ('Kenia@cs2102.com','kenia','qwerty','N');
INSERT INTO Accounts (email,username,password,admin) VALUES ('Cyrus@cs2102.com','cyrus','qwerty','N');
INSERT INTO Accounts (email,username,password,admin) VALUES ('Carmela@cs2102.com','carmela','qwerty','N');
INSERT INTO Accounts (email,username,password,admin) VALUES ('Lloyd@cs2102.com','lloyd','qwerty','N');
INSERT INTO Accounts (email,username,password,admin) VALUES ('Pamelia@cs2102.com','pamelia','qwerty','N');
INSERT INTO Accounts (email,username,password,admin) VALUES ('Aleida@cs2102.com','aleida','qwerty','N');
INSERT INTO Accounts (email,username,password,admin) VALUES ('Susanna@cs2102.com','susanna','qwerty','N');
INSERT INTO Accounts (email,username,password,admin) VALUES ('Kate@cs2102.com','kate','qwerty','N');
INSERT INTO Accounts (email,username,password,admin) VALUES ('Shanita@cs2102.com','shanita','qwerty','N');
INSERT INTO Accounts (email,username,password,admin) VALUES ('Liliana@cs2102.com','liliana','qwerty','N');
INSERT INTO Accounts (email,username,password,admin) VALUES ('Fermin@cs2102.com','fermin','qwerty','N');
INSERT INTO Accounts (email,username,password,admin) VALUES ('Reda@cs2102.com','reda','qwerty','N');
INSERT INTO Accounts (email,username,password,admin) VALUES ('Hildred@cs2102.com','hildred','qwerty','N');
INSERT INTO Accounts (email,username,password,admin) VALUES ('Kallie@cs2102.com','kallie','qwerty','N');
INSERT INTO Accounts (email,username,password,admin) VALUES ('Dominga@cs2102.com','dominga','qwerty','N');
INSERT INTO Accounts (email,username,password,admin) VALUES ('Dwayne@cs2102.com','dwayne','qwerty','N');
INSERT INTO Accounts (email,username,password,admin) VALUES ('Rona@cs2102.com','rona','qwerty','N');
INSERT INTO Accounts (email,username,password,admin) VALUES ('Roger@cs2102.com','roger','qwerty','N');
INSERT INTO Accounts (email,username,password,admin) VALUES ('Abraham@cs2102.com','abraham','qwerty','N');
INSERT INTO Accounts (email,username,password,admin) VALUES ('Creola@cs2102.com','creola','qwerty','N');
INSERT INTO Accounts (email,username,password,admin) VALUES ('Toi@cs2102.com','toi','qwerty','N');
INSERT INTO Accounts (email,username,password,admin) VALUES ('Nichelle@cs2102.com','nichelle','qwerty','N');
INSERT INTO Accounts (email,username,password,admin) VALUES ('Elvina@cs2102.com','elvina','qwerty','N');
INSERT INTO Accounts (email,username,password,admin) VALUES ('Mitsuko@cs2102.com','mitsuko','qwerty','N');
INSERT INTO Accounts (email,username,password,admin) VALUES ('Helaine@cs2102.com','helaine','qwerty','N');
INSERT INTO Accounts (email,username,password,admin) VALUES ('Fredericka@cs2102.com','fredericka','qwerty','N');
INSERT INTO Accounts (email,username,password,admin) VALUES ('Deb@cs2102.com','deb','qwerty','N');
INSERT INTO Accounts (email,username,password,admin) VALUES ('Raven@cs2102.com','raven','qwerty','N');
INSERT INTO Accounts (email,username,password,admin) VALUES ('Epifania@cs2102.com','epifania','qwerty','N');
INSERT INTO Accounts (email,username,password,admin) VALUES ('Wava@cs2102.com','wava','qwerty','N');
INSERT INTO Accounts (email,username,password,admin) VALUES ('Jenifer@cs2102.com','jenifer','qwerty','N');
INSERT INTO Accounts (email,username,password,admin) VALUES ('Imelda@cs2102.com','imelda','qwerty','N');
INSERT INTO Accounts (email,username,password,admin) VALUES ('Cherish@cs2102.com','cherish','qwerty','N');
INSERT INTO Accounts (email,username,password,admin) VALUES ('Marcel@cs2102.com','marcel','qwerty','N');
INSERT INTO Accounts (email,username,password,admin) VALUES ('Alethea@cs2102.com','alethea','qwerty','N');
INSERT INTO Accounts (email,username,password,admin) VALUES ('Felica@cs2102.com','felica','qwerty','N');
INSERT INTO Accounts (email,username,password,admin) VALUES ('Reatha@cs2102.com','reatha','qwerty','N');
INSERT INTO Accounts (email,username,password,admin) VALUES ('Velia@cs2102.com','velia','qwerty','N');
INSERT INTO Accounts (email,username,password,admin) VALUES ('Crista@cs2102.com','crista','qwerty','N');
INSERT INTO Accounts (email,username,password,admin) VALUES ('Keesha@cs2102.com','keesha','qwerty','N');
INSERT INTO Accounts (email,username,password,admin) VALUES ('Pandora@cs2102.com','pandora','qwerty','N');
INSERT INTO Accounts (email,username,password,admin) VALUES ('Raguel@cs2102.com','raguel','qwerty','N');
INSERT INTO Accounts (email,username,password,admin) VALUES ('Deedee@cs2102.com','deedee','qwerty','N');
INSERT INTO Accounts (email,username,password,admin) VALUES ('Juanita@cs2102.com','juanita','qwerty','N');
INSERT INTO Accounts (email,username,password,admin) VALUES ('Stanley@cs2102.com','stanley','qwerty','N');
INSERT INTO Accounts (email,username,password,admin) VALUES ('Gregory@cs2102.com','gregory','qwerty','N');
INSERT INTO Accounts (email,username,password,admin) VALUES ('Jacklyn@cs2102.com','jacklyn','qwerty','N');
INSERT INTO Accounts (email,username,password,admin) VALUES ('Madlyn@cs2102.com','madlyn','qwerty','N');
INSERT INTO Accounts (email,username,password,admin) VALUES ('Rudolph@cs2102.com','rudolph','qwerty','N');
INSERT INTO Accounts (email,username,password,admin) VALUES ('Marybeth@cs2102.com','marybeth','qwerty','N');
INSERT INTO Accounts (email,username,password,admin) VALUES ('Lupe@cs2102.com','lupe','qwerty','N');
INSERT INTO Accounts (email,username,password,admin) VALUES ('Adriene@cs2102.com','adriene','qwerty','N');
INSERT INTO Accounts (email,username,password,admin) VALUES ('Mee@cs2102.com','mee','qwerty','N');
INSERT INTO Accounts (email,username,password,admin) VALUES ('Dorene@cs2102.com','dorene','qwerty','N');
INSERT INTO Accounts (email,username,password,admin) VALUES ('Cecilia@cs2102.com','cecilia','qwerty','N');
INSERT INTO Accounts (email,username,password,admin) VALUES ('Queen@cs2102.com','queen','qwerty','N');
INSERT INTO Accounts (email,username,password,admin) VALUES ('Magali@cs2102.com','magali','qwerty','N');
INSERT INTO Accounts (email,username,password,admin) VALUES ('Felecia@cs2102.com','felecia','qwerty','N');
INSERT INTO Accounts (email,username,password,admin) VALUES ('Lavera@cs2102.com','lavera','qwerty','N');
INSERT INTO Accounts (email,username,password,admin) VALUES ('Guillermo@cs2102.com','guillermo','qwerty','N');
INSERT INTO Accounts (email,username,password,admin) VALUES ('Summer@cs2102.com','summer','qwerty','N');
INSERT INTO Accounts (email,username,password,admin) VALUES ('Meagan@cs2102.com','meagan','qwerty','N');
INSERT INTO Accounts (email,username,password,admin) VALUES ('Ronald@cs2102.com','ronald','qwerty','N');
INSERT INTO Accounts (email,username,password,admin) VALUES ('Ricarda@cs2102.com','ricarda','qwerty','N');
INSERT INTO Accounts (email,username,password,admin) VALUES ('Agustin@cs2102.com','agustin','qwerty','N');
INSERT INTO Accounts (email,username,password,admin) VALUES ('Lanie@cs2102.com','lanie','qwerty','N');
INSERT INTO Accounts (email,username,password,admin) VALUES ('Gianna@cs2102.com','gianna','qwerty','N');
INSERT INTO Accounts (email,username,password,admin) VALUES ('Eunice@cs2102.com','eunice','qwerty','N');
INSERT INTO Accounts (email,username,password,admin) VALUES ('Regenia@cs2102.com','regenia','qwerty','N');
INSERT INTO Accounts (email,username,password,admin) VALUES ('Olene@cs2102.com','olene','qwerty','N');
INSERT INTO Accounts (email,username,password,admin) VALUES ('America@cs2102.com','america','qwerty','N');


INSERT INTO Purchase (customer,item,purchase_date) VALUES ('Charley@cs2102.com',87,'2013-01-09');
INSERT INTO Purchase (customer,item,purchase_date) VALUES ('Aurore@cs2102.com',87,'2013-06-21');
INSERT INTO Purchase (customer,item,purchase_date) VALUES ('Asha@cs2102.com',76,'2014-09-16');
INSERT INTO Purchase (customer,item,purchase_date) VALUES ('Kandi@cs2102.com',85,'2014-09-02');
INSERT INTO Purchase (customer,item,purchase_date) VALUES ('Jeanett@cs2102.com',100,'2014-05-11');
INSERT INTO Purchase (customer,item,purchase_date) VALUES ('Pam@cs2102.com',4,'2015-01-04');
INSERT INTO Purchase (customer,item,purchase_date) VALUES ('Cristobal@cs2102.com',94,'2013-03-01');
INSERT INTO Purchase (customer,item,purchase_date) VALUES ('Kelly@cs2102.com',37,'2013-03-29');
INSERT INTO Purchase (customer,item,purchase_date) VALUES ('Jacalyn@cs2102.com',66,'2013-09-13');
INSERT INTO Purchase (customer,item,purchase_date) VALUES ('Norene@cs2102.com',71,'2013-11-20');
INSERT INTO Purchase (customer,item,purchase_date) VALUES ('Benita@cs2102.com',28,'2014-08-15');
INSERT INTO Purchase (customer,item,purchase_date) VALUES ('Julieann@cs2102.com',48,'2014-12-04');
INSERT INTO Purchase (customer,item,purchase_date) VALUES ('Florencio@cs2102.com',7,'2014-09-01');
INSERT INTO Purchase (customer,item,purchase_date) VALUES ('Lilia@cs2102.com',36,'2013-01-22');
INSERT INTO Purchase (customer,item,purchase_date) VALUES ('Erik@cs2102.com',95,'2014-05-02');
INSERT INTO Purchase (customer,item,purchase_date) VALUES ('Han@cs2102.com',73,'2014-12-17');
INSERT INTO Purchase (customer,item,purchase_date) VALUES ('Rosalie@cs2102.com',39,'2013-06-29');
INSERT INTO Purchase (customer,item,purchase_date) VALUES ('Lili@cs2102.com',61,'2014-11-16');
INSERT INTO Purchase (customer,item,purchase_date) VALUES ('Arletha@cs2102.com',32,'2014-12-28');
INSERT INTO Purchase (customer,item,purchase_date) VALUES ('Esperanza@cs2102.com',49,'2013-08-19');
INSERT INTO Purchase (customer,item,purchase_date) VALUES ('Magdalena@cs2102.com',88,'2013-06-06');
INSERT INTO Purchase (customer,item,purchase_date) VALUES ('Shizue@cs2102.com',19,'2014-02-02');
INSERT INTO Purchase (customer,item,purchase_date) VALUES ('Keisha@cs2102.com',79,'2014-06-27');
INSERT INTO Purchase (customer,item,purchase_date) VALUES ('Eufemia@cs2102.com',48,'2013-10-28');
INSERT INTO Purchase (customer,item,purchase_date) VALUES ('Jan@cs2102.com',91,'2014-07-10');
INSERT INTO Purchase (customer,item,purchase_date) VALUES ('Maud@cs2102.com',71,'2013-01-22');
INSERT INTO Purchase (customer,item,purchase_date) VALUES ('Jefferson@cs2102.com',45,'2013-01-12');
INSERT INTO Purchase (customer,item,purchase_date) VALUES ('Kenia@cs2102.com',72,'2014-08-31');
INSERT INTO Purchase (customer,item,purchase_date) VALUES ('Cyrus@cs2102.com',14,'2015-01-17');
INSERT INTO Purchase (customer,item,purchase_date) VALUES ('Carmela@cs2102.com',54,'2013-08-03');
INSERT INTO Purchase (customer,item,purchase_date) VALUES ('Lloyd@cs2102.com',80,'2013-08-19');
INSERT INTO Purchase (customer,item,purchase_date) VALUES ('Pamelia@cs2102.com',80,'2013-05-29');
INSERT INTO Purchase (customer,item,purchase_date) VALUES ('Aleida@cs2102.com',86,'2014-02-20');
INSERT INTO Purchase (customer,item,purchase_date) VALUES ('Susanna@cs2102.com',60,'2013-10-02');
INSERT INTO Purchase (customer,item,purchase_date) VALUES ('Kate@cs2102.com',99,'2014-06-18');
INSERT INTO Purchase (customer,item,purchase_date) VALUES ('Shanita@cs2102.com',69,'2013-10-09');
INSERT INTO Purchase (customer,item,purchase_date) VALUES ('Liliana@cs2102.com',44,'2014-01-09');
INSERT INTO Purchase (customer,item,purchase_date) VALUES ('Fermin@cs2102.com',45,'2014-08-11');
INSERT INTO Purchase (customer,item,purchase_date) VALUES ('Reda@cs2102.com',2,'2013-03-11');
INSERT INTO Purchase (customer,item,purchase_date) VALUES ('Hildred@cs2102.com',60,'2014-04-07');
INSERT INTO Purchase (customer,item,purchase_date) VALUES ('Kallie@cs2102.com',37,'2014-01-22');
INSERT INTO Purchase (customer,item,purchase_date) VALUES ('Dominga@cs2102.com',33,'2013-09-29');
INSERT INTO Purchase (customer,item,purchase_date) VALUES ('Dwayne@cs2102.com',56,'2013-04-24');
INSERT INTO Purchase (customer,item,purchase_date) VALUES ('Rona@cs2102.com',35,'2013-11-14');
INSERT INTO Purchase (customer,item,purchase_date) VALUES ('Roger@cs2102.com',25,'2013-07-04');
INSERT INTO Purchase (customer,item,purchase_date) VALUES ('Abraham@cs2102.com',3,'2013-01-07');
INSERT INTO Purchase (customer,item,purchase_date) VALUES ('Creola@cs2102.com',1,'2014-10-13');
INSERT INTO Purchase (customer,item,purchase_date) VALUES ('Toi@cs2102.com',80,'2013-04-23');
INSERT INTO Purchase (customer,item,purchase_date) VALUES ('Nichelle@cs2102.com',97,'2013-12-19');
INSERT INTO Purchase (customer,item,purchase_date) VALUES ('Elvina@cs2102.com',77,'2014-01-06');
INSERT INTO Purchase (customer,item,purchase_date) VALUES ('Mitsuko@cs2102.com',80,'2014-10-31');
INSERT INTO Purchase (customer,item,purchase_date) VALUES ('Helaine@cs2102.com',96,'2013-10-15');
INSERT INTO Purchase (customer,item,purchase_date) VALUES ('Fredericka@cs2102.com',58,'2013-06-24');
INSERT INTO Purchase (customer,item,purchase_date) VALUES ('Deb@cs2102.com',63,'2015-02-13');
INSERT INTO Purchase (customer,item,purchase_date) VALUES ('Raven@cs2102.com',20,'2014-04-17');
INSERT INTO Purchase (customer,item,purchase_date) VALUES ('Epifania@cs2102.com',2,'2013-05-14');
INSERT INTO Purchase (customer,item,purchase_date) VALUES ('Wava@cs2102.com',40,'2013-11-08');
INSERT INTO Purchase (customer,item,purchase_date) VALUES ('Jenifer@cs2102.com',93,'2013-05-19');
INSERT INTO Purchase (customer,item,purchase_date) VALUES ('Imelda@cs2102.com',36,'2014-07-29');
INSERT INTO Purchase (customer,item,purchase_date) VALUES ('Cherish@cs2102.com',49,'2013-07-05');
INSERT INTO Purchase (customer,item,purchase_date) VALUES ('Marcel@cs2102.com',90,'2014-08-08');
INSERT INTO Purchase (customer,item,purchase_date) VALUES ('Alethea@cs2102.com',38,'2014-08-11');
INSERT INTO Purchase (customer,item,purchase_date) VALUES ('Felica@cs2102.com',28,'2013-02-04');
INSERT INTO Purchase (customer,item,purchase_date) VALUES ('Reatha@cs2102.com',81,'2013-06-10');
INSERT INTO Purchase (customer,item,purchase_date) VALUES ('Velia@cs2102.com',64,'2013-06-17');
INSERT INTO Purchase (customer,item,purchase_date) VALUES ('Crista@cs2102.com',43,'2013-02-11');
INSERT INTO Purchase (customer,item,purchase_date) VALUES ('Keesha@cs2102.com',21,'2013-03-04');
INSERT INTO Purchase (customer,item,purchase_date) VALUES ('Pandora@cs2102.com',46,'2013-10-10');
INSERT INTO Purchase (customer,item,purchase_date) VALUES ('Raguel@cs2102.com',95,'2013-11-10');
INSERT INTO Purchase (customer,item,purchase_date) VALUES ('Deedee@cs2102.com',98,'2013-08-23');
INSERT INTO Purchase (customer,item,purchase_date) VALUES ('Juanita@cs2102.com',50,'2013-05-30');
INSERT INTO Purchase (customer,item,purchase_date) VALUES ('Stanley@cs2102.com',95,'2013-10-10');
INSERT INTO Purchase (customer,item,purchase_date) VALUES ('Gregory@cs2102.com',86,'2014-01-20');
INSERT INTO Purchase (customer,item,purchase_date) VALUES ('Jacklyn@cs2102.com',96,'2013-06-03');
INSERT INTO Purchase (customer,item,purchase_date) VALUES ('Madlyn@cs2102.com',44,'2013-10-01');
INSERT INTO Purchase (customer,item,purchase_date) VALUES ('Rudolph@cs2102.com',20,'2013-01-04');
INSERT INTO Purchase (customer,item,purchase_date) VALUES ('Marybeth@cs2102.com',71,'2014-12-11');
INSERT INTO Purchase (customer,item,purchase_date) VALUES ('Lupe@cs2102.com',62,'2013-05-27');
INSERT INTO Purchase (customer,item,purchase_date) VALUES ('Adriene@cs2102.com',66,'2013-09-05');
INSERT INTO Purchase (customer,item,purchase_date) VALUES ('Epifania@cs2102.com',96,'2014-01-11');
INSERT INTO Purchase (customer,item,purchase_date) VALUES ('Mee@cs2102.com',25,'2013-07-02');
INSERT INTO Purchase (customer,item,purchase_date) VALUES ('Dorene@cs2102.com',42,'2013-07-29');
INSERT INTO Purchase (customer,item,purchase_date) VALUES ('Cecilia@cs2102.com',54,'2014-01-14');
INSERT INTO Purchase (customer,item,purchase_date) VALUES ('Queen@cs2102.com',93,'2014-06-22');
INSERT INTO Purchase (customer,item,purchase_date) VALUES ('Magali@cs2102.com',61,'2014-10-15');
INSERT INTO Purchase (customer,item,purchase_date) VALUES ('Felecia@cs2102.com',64,'2014-08-29');
INSERT INTO Purchase (customer,item,purchase_date) VALUES ('Lavera@cs2102.com',91,'2014-12-24');
INSERT INTO Purchase (customer,item,purchase_date) VALUES ('Guillermo@cs2102.com',55,'2013-05-18');
INSERT INTO Purchase (customer,item,purchase_date) VALUES ('Summer@cs2102.com',55,'2014-08-25');
INSERT INTO Purchase (customer,item,purchase_date) VALUES ('Meagan@cs2102.com',77,'2014-05-27');
INSERT INTO Purchase (customer,item,purchase_date) VALUES ('Ronald@cs2102.com',82,'2015-02-11');
INSERT INTO Purchase (customer,item,purchase_date) VALUES ('Ricarda@cs2102.com',71,'2014-10-21');
INSERT INTO Purchase (customer,item,purchase_date) VALUES ('Agustin@cs2102.com',54,'2013-06-26');
INSERT INTO Purchase (customer,item,purchase_date) VALUES ('Lanie@cs2102.com',57,'2013-09-25');
INSERT INTO Purchase (customer,item,purchase_date) VALUES ('Gianna@cs2102.com',7,'2013-12-08');
INSERT INTO Purchase (customer,item,purchase_date) VALUES ('Eunice@cs2102.com',72,'2014-07-31');
INSERT INTO Purchase (customer,item,purchase_date) VALUES ('Regenia@cs2102.com',79,'2013-05-18');
INSERT INTO Purchase (customer,item,purchase_date) VALUES ('Olene@cs2102.com',21,'2014-03-31');
INSERT INTO Purchase (customer,item,purchase_date) VALUES ('America@cs2102.com',31,'2014-07-16');

INSERT INTO Likes (customer,item) VALUES ('Charley@cs2102.com',69);
INSERT INTO Likes (customer,item) VALUES ('Aurore@cs2102.com',12);
INSERT INTO Likes (customer,item) VALUES ('Asha@cs2102.com',35);
INSERT INTO Likes (customer,item) VALUES ('Kandi@cs2102.com',55);
INSERT INTO Likes (customer,item) VALUES ('Jeanett@cs2102.com',58);
INSERT INTO Likes (customer,item) VALUES ('Pam@cs2102.com',79);
INSERT INTO Likes (customer,item) VALUES ('Cristobal@cs2102.com',5);
INSERT INTO Likes (customer,item) VALUES ('Kelly@cs2102.com',72);
INSERT INTO Likes (customer,item) VALUES ('Jacalyn@cs2102.com',52);
INSERT INTO Likes (customer,item) VALUES ('Norene@cs2102.com',89);
INSERT INTO Likes (customer,item) VALUES ('Benita@cs2102.com',43);
INSERT INTO Likes (customer,item) VALUES ('Julieann@cs2102.com',65);
INSERT INTO Likes (customer,item) VALUES ('Florencio@cs2102.com',61);
INSERT INTO Likes (customer,item) VALUES ('Lilia@cs2102.com',97);
INSERT INTO Likes (customer,item) VALUES ('Erik@cs2102.com',49);
INSERT INTO Likes (customer,item) VALUES ('Han@cs2102.com',42);
INSERT INTO Likes (customer,item) VALUES ('Rosalie@cs2102.com',100);
INSERT INTO Likes (customer,item) VALUES ('Lili@cs2102.com',22);
INSERT INTO Likes (customer,item) VALUES ('Arletha@cs2102.com',51);
INSERT INTO Likes (customer,item) VALUES ('Esperanza@cs2102.com',81);
INSERT INTO Likes (customer,item) VALUES ('Magdalena@cs2102.com',6);
INSERT INTO Likes (customer,item) VALUES ('Shizue@cs2102.com',95);
INSERT INTO Likes (customer,item) VALUES ('Keisha@cs2102.com',6);
INSERT INTO Likes (customer,item) VALUES ('Eufemia@cs2102.com',25);
INSERT INTO Likes (customer,item) VALUES ('Jan@cs2102.com',64);
INSERT INTO Likes (customer,item) VALUES ('Maud@cs2102.com',32);
INSERT INTO Likes (customer,item) VALUES ('Jefferson@cs2102.com',99);
INSERT INTO Likes (customer,item) VALUES ('Kenia@cs2102.com',17);
INSERT INTO Likes (customer,item) VALUES ('Cyrus@cs2102.com',82);
INSERT INTO Likes (customer,item) VALUES ('Carmela@cs2102.com',5);
INSERT INTO Likes (customer,item) VALUES ('Lloyd@cs2102.com',89);
INSERT INTO Likes (customer,item) VALUES ('Pamelia@cs2102.com',26);
INSERT INTO Likes (customer,item) VALUES ('Aleida@cs2102.com',43);
INSERT INTO Likes (customer,item) VALUES ('Susanna@cs2102.com',43);
INSERT INTO Likes (customer,item) VALUES ('Kate@cs2102.com',43);
INSERT INTO Likes (customer,item) VALUES ('Shanita@cs2102.com',28);
INSERT INTO Likes (customer,item) VALUES ('Liliana@cs2102.com',85);
INSERT INTO Likes (customer,item) VALUES ('Fermin@cs2102.com',60);
INSERT INTO Likes (customer,item) VALUES ('Reda@cs2102.com',7);
INSERT INTO Likes (customer,item) VALUES ('Hildred@cs2102.com',61);
INSERT INTO Likes (customer,item) VALUES ('Kallie@cs2102.com',86);
INSERT INTO Likes (customer,item) VALUES ('Dominga@cs2102.com',15);
INSERT INTO Likes (customer,item) VALUES ('Dwayne@cs2102.com',44);
INSERT INTO Likes (customer,item) VALUES ('Rona@cs2102.com',23);
INSERT INTO Likes (customer,item) VALUES ('Roger@cs2102.com',81);
INSERT INTO Likes (customer,item) VALUES ('Abraham@cs2102.com',49);
INSERT INTO Likes (customer,item) VALUES ('Creola@cs2102.com',98);
INSERT INTO Likes (customer,item) VALUES ('Toi@cs2102.com',94);
INSERT INTO Likes (customer,item) VALUES ('Nichelle@cs2102.com',64);
INSERT INTO Likes (customer,item) VALUES ('Elvina@cs2102.com',72);
INSERT INTO Likes (customer,item) VALUES ('Mitsuko@cs2102.com',23);
INSERT INTO Likes (customer,item) VALUES ('Helaine@cs2102.com',38);
INSERT INTO Likes (customer,item) VALUES ('Fredericka@cs2102.com',47);
INSERT INTO Likes (customer,item) VALUES ('Deb@cs2102.com',71);
INSERT INTO Likes (customer,item) VALUES ('Raven@cs2102.com',9);
INSERT INTO Likes (customer,item) VALUES ('Epifania@cs2102.com',53);
INSERT INTO Likes (customer,item) VALUES ('Wava@cs2102.com',70);
INSERT INTO Likes (customer,item) VALUES ('Jenifer@cs2102.com',27);
INSERT INTO Likes (customer,item) VALUES ('Imelda@cs2102.com',41);
INSERT INTO Likes (customer,item) VALUES ('Cherish@cs2102.com',58);
INSERT INTO Likes (customer,item) VALUES ('Marcel@cs2102.com',51);
INSERT INTO Likes (customer,item) VALUES ('Alethea@cs2102.com',9);
INSERT INTO Likes (customer,item) VALUES ('Felica@cs2102.com',33);
INSERT INTO Likes (customer,item) VALUES ('Reatha@cs2102.com',91);
INSERT INTO Likes (customer,item) VALUES ('Velia@cs2102.com',75);
INSERT INTO Likes (customer,item) VALUES ('Crista@cs2102.com',59);
INSERT INTO Likes (customer,item) VALUES ('Keesha@cs2102.com',84);
INSERT INTO Likes (customer,item) VALUES ('Pandora@cs2102.com',12);
INSERT INTO Likes (customer,item) VALUES ('Raguel@cs2102.com',47);
INSERT INTO Likes (customer,item) VALUES ('Deedee@cs2102.com',100);
INSERT INTO Likes (customer,item) VALUES ('Juanita@cs2102.com',38);
INSERT INTO Likes (customer,item) VALUES ('Stanley@cs2102.com',8);
INSERT INTO Likes (customer,item) VALUES ('Gregory@cs2102.com',11);
INSERT INTO Likes (customer,item) VALUES ('Jacklyn@cs2102.com',39);
INSERT INTO Likes (customer,item) VALUES ('Madlyn@cs2102.com',68);
INSERT INTO Likes (customer,item) VALUES ('Rudolph@cs2102.com',29);
INSERT INTO Likes (customer,item) VALUES ('Marybeth@cs2102.com',76);
INSERT INTO Likes (customer,item) VALUES ('Lupe@cs2102.com',97);
INSERT INTO Likes (customer,item) VALUES ('Adriene@cs2102.com',11);
INSERT INTO Likes (customer,item) VALUES ('Epifania@cs2102.com',71);
INSERT INTO Likes (customer,item) VALUES ('Mee@cs2102.com',34);
INSERT INTO Likes (customer,item) VALUES ('Dorene@cs2102.com',36);
INSERT INTO Likes (customer,item) VALUES ('Cecilia@cs2102.com',61);
INSERT INTO Likes (customer,item) VALUES ('Queen@cs2102.com',6);
INSERT INTO Likes (customer,item) VALUES ('Magali@cs2102.com',73);
INSERT INTO Likes (customer,item) VALUES ('Felecia@cs2102.com',30);
INSERT INTO Likes (customer,item) VALUES ('Lavera@cs2102.com',74);
INSERT INTO Likes (customer,item) VALUES ('Guillermo@cs2102.com',4);
INSERT INTO Likes (customer,item) VALUES ('Summer@cs2102.com',34);
INSERT INTO Likes (customer,item) VALUES ('Meagan@cs2102.com',31);
INSERT INTO Likes (customer,item) VALUES ('Ronald@cs2102.com',16);
INSERT INTO Likes (customer,item) VALUES ('Ricarda@cs2102.com',91);
INSERT INTO Likes (customer,item) VALUES ('Agustin@cs2102.com',80);
INSERT INTO Likes (customer,item) VALUES ('Lanie@cs2102.com',87);
INSERT INTO Likes (customer,item) VALUES ('Gianna@cs2102.com',49);
INSERT INTO Likes (customer,item) VALUES ('Eunice@cs2102.com',36);
INSERT INTO Likes (customer,item) VALUES ('Regenia@cs2102.com',46);
INSERT INTO Likes (customer,item) VALUES ('Olene@cs2102.com',100);
INSERT INTO Likes (customer,item) VALUES ('America@cs2102.com',100);

INSERT INTO Rent (customer,item,borrow_date,due_date,return_date) VALUES ('Charley@cs2102.com','79','2013-02-09','2013-06-30','2013-02-13');
INSERT INTO Rent (customer,item,borrow_date,due_date,return_date) VALUES ('Aurore@cs2102.com','4','2013-01-08','2013-09-10','2013-02-04');
INSERT INTO Rent (customer,item,borrow_date,due_date,return_date) VALUES ('Asha@cs2102.com','39','2013-01-29','2013-09-20','2013-09-15');
INSERT INTO Rent (customer,item,borrow_date,due_date,return_date) VALUES ('Kandi@cs2102.com','100','2013-01-22','2013-09-25','2013-07-22');
INSERT INTO Rent (customer,item,borrow_date,due_date,return_date) VALUES ('Jeanett@cs2102.com','32','2013-02-16','2013-08-27','2013-02-16');
INSERT INTO Rent (customer,item,borrow_date,due_date,return_date) VALUES ('Pam@cs2102.com','34','2013-01-07','2013-08-20','2013-02-10');
INSERT INTO Rent (customer,item,borrow_date,due_date,return_date) VALUES ('Cristobal@cs2102.com','5','2013-02-07','2013-08-30','2013-07-05');
INSERT INTO Rent (customer,item,borrow_date,due_date,return_date) VALUES ('Kelly@cs2102.com','97','2013-02-05','2013-09-03','2013-07-11');
INSERT INTO Rent (customer,item,borrow_date,due_date,return_date) VALUES ('Jacalyn@cs2102.com','80','2013-01-07','2013-07-19','2013-03-07');
INSERT INTO Rent (customer,item,borrow_date,due_date,return_date) VALUES ('Norene@cs2102.com','36','2013-02-11','2013-03-27','2013-03-11');
INSERT INTO Rent (customer,item,borrow_date,due_date,return_date) VALUES ('Benita@cs2102.com','19','2013-01-06','2013-09-13','2013-06-09');
INSERT INTO Rent (customer,item,borrow_date,due_date,return_date) VALUES ('Julieann@cs2102.com','86','2013-01-16','2013-09-02','2013-02-21');
INSERT INTO Rent (customer,item,borrow_date,due_date,return_date) VALUES ('Florencio@cs2102.com','96','2013-01-28','2013-05-21','2013-03-22');
INSERT INTO Rent (customer,item,borrow_date,due_date,return_date) VALUES ('Lilia@cs2102.com','65','2013-02-28','2013-08-31','2013-05-27');
INSERT INTO Rent (customer,item,borrow_date,due_date,return_date) VALUES ('Erik@cs2102.com','99','2013-02-06','2013-05-08','2013-02-23');
INSERT INTO Rent (customer,item,borrow_date,due_date,return_date) VALUES ('Han@cs2102.com','94','2013-02-18','2013-09-12','2013-04-10');
INSERT INTO Rent (customer,item,borrow_date,due_date,return_date) VALUES ('Rosalie@cs2102.com','82','2013-02-10','2013-07-25','2013-06-17');
INSERT INTO Rent (customer,item,borrow_date,due_date,return_date) VALUES ('Lili@cs2102.com','10','2013-02-27','2013-05-31','2013-05-13');
INSERT INTO Rent (customer,item,borrow_date,due_date,return_date) VALUES ('Arletha@cs2102.com','37','2013-02-09','2013-08-26','2013-02-28');
INSERT INTO Rent (customer,item,borrow_date,due_date,return_date) VALUES ('Esperanza@cs2102.com','43','2013-01-28','2013-04-27','2013-03-12');
INSERT INTO Rent (customer,item,borrow_date,due_date,return_date) VALUES ('Magdalena@cs2102.com','54','2013-02-06','2013-05-16','2013-03-01');
INSERT INTO Rent (customer,item,borrow_date,due_date,return_date) VALUES ('Shizue@cs2102.com','32','2013-01-20','2013-07-08','2013-03-09');
INSERT INTO Rent (customer,item,borrow_date,due_date,return_date) VALUES ('Keisha@cs2102.com','25','2013-02-02','2013-08-14','2013-04-04');
INSERT INTO Rent (customer,item,borrow_date,due_date,return_date) VALUES ('Eufemia@cs2102.com','97','2013-02-16','2013-06-14','2013-04-12');
INSERT INTO Rent (customer,item,borrow_date,due_date,return_date) VALUES ('Jan@cs2102.com','68','2013-01-04','2013-04-07','2013-02-20');
INSERT INTO Rent (customer,item,borrow_date,due_date,return_date) VALUES ('Maud@cs2102.com','4','2013-02-03','2013-08-03','2013-07-07');
INSERT INTO Rent (customer,item,borrow_date,due_date,return_date) VALUES ('Jefferson@cs2102.com','10','2013-01-02','2013-06-23','2013-02-12');
INSERT INTO Rent (customer,item,borrow_date,due_date,return_date) VALUES ('Kenia@cs2102.com','63','2013-02-28','2013-06-26','2013-04-15');
INSERT INTO Rent (customer,item,borrow_date,due_date,return_date) VALUES ('Cyrus@cs2102.com','89','2013-01-05','2013-08-28','2013-02-20');
INSERT INTO Rent (customer,item,borrow_date,due_date,return_date) VALUES ('Carmela@cs2102.com','79','2013-01-27','2013-07-02','2013-03-28');
INSERT INTO Rent (customer,item,borrow_date,due_date,return_date) VALUES ('Lloyd@cs2102.com','52','2013-02-03','2013-04-30','2013-04-10');
INSERT INTO Rent (customer,item,borrow_date,due_date,return_date) VALUES ('Pamelia@cs2102.com','53','2013-01-25','2013-09-04','2013-07-17');
INSERT INTO Rent (customer,item,borrow_date,due_date,return_date) VALUES ('Aleida@cs2102.com','18','2013-02-24','2013-05-17','2013-04-11');
INSERT INTO Rent (customer,item,borrow_date,due_date,return_date) VALUES ('Susanna@cs2102.com','92','2013-02-09','2013-06-30','2013-06-11');
INSERT INTO Rent (customer,item,borrow_date,due_date,return_date) VALUES ('Kate@cs2102.com','99','2013-02-23','2013-08-12','2013-03-28');
INSERT INTO Rent (customer,item,borrow_date,due_date,return_date) VALUES ('Shanita@cs2102.com','86','2013-02-25','2013-03-27','2013-03-11');
INSERT INTO Rent (customer,item,borrow_date,due_date,return_date) VALUES ('Liliana@cs2102.com','89','2013-01-07','2013-08-14','2013-05-16');
INSERT INTO Rent (customer,item,borrow_date,due_date,return_date) VALUES ('Fermin@cs2102.com','53','2013-02-19','2013-05-12','2013-03-02');
INSERT INTO Rent (customer,item,borrow_date,due_date,return_date) VALUES ('Reda@cs2102.com','91','2013-01-15','2013-05-22','2013-03-11');
INSERT INTO Rent (customer,item,borrow_date,due_date,return_date) VALUES ('Hildred@cs2102.com','5','2013-02-11','2013-04-27','2013-03-13');
INSERT INTO Rent (customer,item,borrow_date,due_date,return_date) VALUES ('Kallie@cs2102.com','83','2013-01-27','2013-05-31','2013-03-15');
INSERT INTO Rent (customer,item,borrow_date,due_date,return_date) VALUES ('Dominga@cs2102.com','71','2013-02-02','2013-04-18','2013-03-31');
INSERT INTO Rent (customer,item,borrow_date,due_date,return_date) VALUES ('Dwayne@cs2102.com','8','2013-02-25','2013-09-10','2013-04-16');
INSERT INTO Rent (customer,item,borrow_date,due_date,return_date) VALUES ('Rona@cs2102.com','96','2013-02-03','2013-03-29','2013-03-15');
INSERT INTO Rent (customer,item,borrow_date,due_date,return_date) VALUES ('Roger@cs2102.com','32','2013-02-07','2013-04-03','2013-02-14');
INSERT INTO Rent (customer,item,borrow_date,due_date,return_date) VALUES ('Abraham@cs2102.com','82','2013-01-05','2013-08-11','2013-01-11');
INSERT INTO Rent (customer,item,borrow_date,due_date,return_date) VALUES ('Creola@cs2102.com','78','2013-02-25','2013-03-26','2013-03-07');
INSERT INTO Rent (customer,item,borrow_date,due_date,return_date) VALUES ('Toi@cs2102.com','63','2013-02-05','2013-05-03','2013-03-11');
INSERT INTO Rent (customer,item,borrow_date,due_date,return_date) VALUES ('Nichelle@cs2102.com','98','2013-02-06','2013-06-03','2013-04-22');
INSERT INTO Rent (customer,item,borrow_date,due_date,return_date) VALUES ('Elvina@cs2102.com','55','2013-02-10','2013-03-27','2013-03-07');
INSERT INTO Rent (customer,item,borrow_date,due_date,return_date) VALUES ('Mitsuko@cs2102.com','48','2013-02-28','2013-04-07','2013-03-29');
INSERT INTO Rent (customer,item,borrow_date,due_date,return_date) VALUES ('Helaine@cs2102.com','52','2013-01-09','2013-09-21','2013-06-23');
INSERT INTO Rent (customer,item,borrow_date,due_date,return_date) VALUES ('Fredericka@cs2102.com','36','2013-01-02','2013-08-07','2013-01-17');
INSERT INTO Rent (customer,item,borrow_date,due_date,return_date) VALUES ('Deb@cs2102.com','49','2013-02-07','2013-09-06','2013-04-13');
INSERT INTO Rent (customer,item,borrow_date,due_date,return_date) VALUES ('Raven@cs2102.com','86','2013-01-22','2013-04-27','2013-02-21');
INSERT INTO Rent (customer,item,borrow_date,due_date,return_date) VALUES ('Epifania@cs2102.com','4','2013-01-15','2013-06-14','2013-03-25');
INSERT INTO Rent (customer,item,borrow_date,due_date,return_date) VALUES ('Wava@cs2102.com','71','2013-02-07','2013-07-11','2013-02-27');
INSERT INTO Rent (customer,item,borrow_date,due_date,return_date) VALUES ('Jenifer@cs2102.com','40','2013-01-07','2013-03-31','2013-02-27');
INSERT INTO Rent (customer,item,borrow_date,due_date,return_date) VALUES ('Imelda@cs2102.com','78','2013-02-12','2013-06-12','2013-06-08');
INSERT INTO Rent (customer,item,borrow_date,due_date,return_date) VALUES ('Cherish@cs2102.com','90','2013-01-22','2013-05-20','2013-05-13');
INSERT INTO Rent (customer,item,borrow_date,due_date,return_date) VALUES ('Marcel@cs2102.com','40','2013-01-03','2013-08-01','2013-03-14');
INSERT INTO Rent (customer,item,borrow_date,due_date,return_date) VALUES ('Alethea@cs2102.com','5','2013-01-10','2013-03-29','2013-03-28');
INSERT INTO Rent (customer,item,borrow_date,due_date,return_date) VALUES ('Felica@cs2102.com','40','2013-01-20','2013-07-23','2013-01-31');
INSERT INTO Rent (customer,item,borrow_date,due_date,return_date) VALUES ('Reatha@cs2102.com','59','2013-01-15','2013-08-08','2013-03-29');
INSERT INTO Rent (customer,item,borrow_date,due_date,return_date) VALUES ('Velia@cs2102.com','64','2013-01-19','2013-08-30','2013-08-07');
INSERT INTO Rent (customer,item,borrow_date,due_date,return_date) VALUES ('Crista@cs2102.com','51','2013-01-26','2013-05-21','2013-02-17');
INSERT INTO Rent (customer,item,borrow_date,due_date,return_date) VALUES ('Keesha@cs2102.com','32','2013-02-08','2013-06-04','2013-04-22');
INSERT INTO Rent (customer,item,borrow_date,due_date,return_date) VALUES ('Pandora@cs2102.com','71','2013-02-05','2013-05-02','2013-04-23');
INSERT INTO Rent (customer,item,borrow_date,due_date,return_date) VALUES ('Raguel@cs2102.com','24','2013-02-16','2013-04-28','2013-04-23');
INSERT INTO Rent (customer,item,borrow_date,due_date,return_date) VALUES ('Deedee@cs2102.com','6','2013-01-26','2013-06-16','2013-02-25');
INSERT INTO Rent (customer,item,borrow_date,due_date,return_date) VALUES ('Juanita@cs2102.com','92','2013-01-25','2013-08-17','2013-01-25');
INSERT INTO Rent (customer,item,borrow_date,due_date,return_date) VALUES ('Stanley@cs2102.com','99','2013-02-09','2013-04-23','2013-04-02');
INSERT INTO Rent (customer,item,borrow_date,due_date,return_date) VALUES ('Gregory@cs2102.com','19','2013-01-08','2013-06-29','2013-03-31');
INSERT INTO Rent (customer,item,borrow_date,due_date,return_date) VALUES ('Jacklyn@cs2102.com','24','2013-01-01','2013-08-07','2013-05-07');
INSERT INTO Rent (customer,item,borrow_date,due_date,return_date) VALUES ('Madlyn@cs2102.com','14','2013-02-06','2013-09-04','2013-02-21');
INSERT INTO Rent (customer,item,borrow_date,due_date,return_date) VALUES ('Rudolph@cs2102.com','86','2013-02-08','2013-05-10','2013-02-21');
INSERT INTO Rent (customer,item,borrow_date,due_date,return_date) VALUES ('Marybeth@cs2102.com','34','2013-03-01','2013-06-27','2013-06-07');
INSERT INTO Rent (customer,item,borrow_date,due_date,return_date) VALUES ('Lupe@cs2102.com','39','2013-01-21','2013-08-29','2013-07-16');
INSERT INTO Rent (customer,item,borrow_date,due_date,return_date) VALUES ('Adriene@cs2102.com','82','2013-01-14','2013-07-07','2013-06-22');
INSERT INTO Rent (customer,item,borrow_date,due_date,return_date) VALUES ('Epifania@cs2102.com','20','2013-02-15','2013-04-13','2013-04-09');
INSERT INTO Rent (customer,item,borrow_date,due_date,return_date) VALUES ('Mee@cs2102.com','76','2013-02-03','2013-08-11','2013-04-13');
INSERT INTO Rent (customer,item,borrow_date,due_date,return_date) VALUES ('Dorene@cs2102.com','34','2013-02-23','2013-04-21','2013-03-04');
INSERT INTO Rent (customer,item,borrow_date,due_date,return_date) VALUES ('Cecilia@cs2102.com','41','2013-02-21','2013-07-04','2013-06-08');
INSERT INTO Rent (customer,item,borrow_date,due_date,return_date) VALUES ('Queen@cs2102.com','85','2013-01-04','2013-08-01','2013-06-29');
INSERT INTO Rent (customer,item,borrow_date,due_date,return_date) VALUES ('Magali@cs2102.com','70','2013-02-09','2013-05-07','2013-03-27');
INSERT INTO Rent (customer,item,borrow_date,due_date,return_date) VALUES ('Felecia@cs2102.com','40','2013-02-28','2013-06-08','2013-05-18');
INSERT INTO Rent (customer,item,borrow_date,due_date,return_date) VALUES ('Lavera@cs2102.com','98','2013-02-04','2013-04-12','2013-03-06');
INSERT INTO Rent (customer,item,borrow_date,due_date,return_date) VALUES ('Guillermo@cs2102.com','9','2013-01-19','2013-04-11','2013-03-03');
INSERT INTO Rent (customer,item,borrow_date,due_date,return_date) VALUES ('Summer@cs2102.com','73','2013-02-17','2013-08-22','2013-04-09');
INSERT INTO Rent (customer,item,borrow_date,due_date,return_date) VALUES ('Meagan@cs2102.com','21','2013-02-17','2013-04-06','2013-02-28');
INSERT INTO Rent (customer,item,borrow_date,due_date,return_date) VALUES ('Ronald@cs2102.com','38','2013-02-16','2013-06-30','2013-06-20');
INSERT INTO Rent (customer,item,borrow_date,due_date,return_date) VALUES ('Ricarda@cs2102.com','7','2013-02-10','2013-05-19','2013-02-21');
INSERT INTO Rent (customer,item,borrow_date,due_date,return_date) VALUES ('Agustin@cs2102.com','64','2013-01-20','2013-08-13','2013-06-13');
INSERT INTO Rent (customer,item,borrow_date,due_date,return_date) VALUES ('Lanie@cs2102.com','26','2013-02-23','2013-05-12','2013-02-26');
INSERT INTO Rent (customer,item,borrow_date,due_date,return_date) VALUES ('Gianna@cs2102.com','82','2013-02-28','2013-09-26','2013-08-03');
INSERT INTO Rent (customer,item,borrow_date,due_date,return_date) VALUES ('Eunice@cs2102.com','84','2013-01-14','2013-08-13','2013-01-25');
INSERT INTO Rent (customer,item,borrow_date,due_date,return_date) VALUES ('Regenia@cs2102.com','28','2013-02-15','2013-05-19','2013-04-13');
INSERT INTO Rent (customer,item,borrow_date,due_date,return_date) VALUES ('Olene@cs2102.com','36','2013-01-07','2013-03-20','2013-03-05');
INSERT INTO Rent (customer,item,borrow_date,due_date,return_date) VALUES ('America@cs2102.com','51','2013-01-16','2013-07-16','2013-04-18');
